name,surname,phoneNumber,email,perfName,perfSurname,perfPhoneNumber,perfEmail,expLevelName,subjectName
Sapphire,Reye,592-543-6766,alyal0@theguardian.com,Abbott,Lyal,307-172-4175,alyal0@plala.or.jp,middle,Biology
Biddie,Pero,700-413-9856,qhallawell1@imdb.com,Quinn,Hallawell,990-433-4582,qhallawell1@wisc.edu,senior,Spanish
Juline,Roche,659-473-9038,kmulhall2@gov.uk,Karyl,Mulhall,245-792-7135,kmulhall2@google.pl,middle,Art
Milo,Van Arsdale,121-255-7696,cboundley3@discovery.com,Celestina,Boundley,748-103-6071,cboundley3@dropbox.com,junior,Physics
Barby,Creagh,371-238-3787,tbrowse4@woothemes.com,Talbert,Browse,171-997-9895,tbrowse4@timesonline.co.uk,middle,History
Wilhelm,Niles,447-659-9640,nmacpike5@sbwire.com,Nataline,MacPike,106-638-7265,nmacpike5@biglobe.ne.jp,junior,English
Abby,Brokenshaw,226-453-9381,gbawdon6@drupal.org,Gertrud,Bawdon,204-124-0067,gbawdon6@hao123.com,middle,Chemistry
Olly,Breffitt,623-112-0397,mbrass7@drupal.org,Marijo,Brass,367-929-4310,mbrass7@meetup.com,junior,Maths
Lucia,Botterell,861-326-4140,cmerwede8@cdc.gov,Colline,Merwede,263-637-6161,cmerwede8@geocities.jp,senior,Physics
Mellisa,Tisun,133-603-1985,kfurmston9@go.com,Kent,Furmston,639-359-0298,kfurmston9@ovh.net,senior,Physics
Raddie,Obey,454-675-4120,ralexandroua@fc2.com,Rosina,Alexandrou,692-736-6664,ralexandroua@hexun.com,senior,Biology
Katie,Eldershaw,246-900-8179,kcalfb@newyorker.com,Kristofor,Calf,288-883-5593,kcalfb@wp.com,middle,Maths
Rob,Swarbrigg,461-273-6403,apinelc@ft.com,Alexio,Pinel,295-780-4576,apinelc@smugmug.com,senior,Maths
Genny,Brahams,592-397-7712,mortad@nasa.gov,Myer,Orta,609-853-9046,mortad@nsw.gov.au,junior,Spanish
Rafe,Girardeau,400-910-3399,wgrande@shop-pro.jp,Wren,Grand,102-618-3702,wgrande@yahoo.com,middle,Spanish
Carver,Gunstone,722-843-6680,bcorrisonf@pcworld.com,Bink,Corrison,523-565-3814,bcorrisonf@cnbc.com,junior,French
Dedie,Bavidge,875-951-0892,fchrippesg@who.int,Frederich,Chrippes,461-946-1348,fchrippesg@dyndns.org,junior,English
Kyle,Abramzon,212-172-8162,rwintersgillh@google.com.hk,Ruttger,Wintersgill,839-492-4304,rwintersgillh@cdbaby.com,senior,Art
Ford,Westmoreland,875-629-6045,ausheri@yahoo.com,Andy,Usher,807-845-5363,ausheri@alibaba.com,junior,Chemistry
Cyrillus,Brunotti,568-867-1621,rchristaeasj@tripadvisor.com,Reginauld,Christaeas,328-877-7281,rchristaeasj@columbia.edu,junior,Physics
Lavinie,Skellion,110-389-2984,mconerdingk@ucoz.ru,Muriel,Conerding,962-803-6608,mconerdingk@dedecms.com,junior,Biology
Field,Lawday,172-122-2671,ckunathl@arstechnica.com,Craig,Kunath,805-622-4618,ckunathl@parallels.com,senior,Art
Norean,Stelfax,678-121-4611,rdumberrillm@g.co,Robby,Dumberrill,601-261-5900,rdumberrillm@newyorker.com,junior,Maths
Nonna,Beisley,751-950-7420,pliversleyn@techcrunch.com,Penelopa,Liversley,723-387-3826,pliversleyn@statcounter.com,senior,Art
Deedee,Yelding,324-135-3695,mtriceo@weebly.com,Minor,Trice,120-654-1209,mtriceo@dot.gov,senior,PE
Gregoire,Luparti,528-867-1956,ctitheridgep@booking.com,Celestine,Titheridge,188-507-8537,ctitheridgep@is.gd,junior,Art
Hollyanne,Dohms,177-129-1440,sscogingsq@soundcloud.com,Sosanna,Scogings,400-415-9268,sscogingsq@weebly.com,middle,Spanish
Marnia,Tiffin,619-370-2597,mmasor@statcounter.com,Minta,Maso,562-440-2310,mmasor@wordpress.com,middle,Spanish
Querida,holmes,693-632-0890,estarmers@barnesandnoble.com,Eal,Starmer,274-471-3399,estarmers@friendfeed.com,middle,Chemistry
Wilhelmina,Waison,854-944-9938,mszwarct@yelp.com,Maiga,Szwarc,747-430-8361,mszwarct@hhs.gov,junior,Biology
Malva,Speeding,332-948-7962,bganingu@alexa.com,Babs,Ganing,437-504-6313,bganingu@spotify.com,junior,French
Staford,Mishaw,221-981-4159,sshepperdv@chron.com,Sisely,Shepperd,252-704-6050,sshepperdv@trellian.com,junior,Maths
Adina,Upshall,838-312-2105,elatchmorew@bandcamp.com,Edik,Latchmore,612-319-1812,elatchmorew@salon.com,junior,English
Boote,Dreigher,192-847-0753,jwatsamx@angelfire.com,Jaymee,Watsam,419-978-1664,jwatsamx@admin.ch,middle,PE
Christabella,Elce,370-624-7677,nfrancescoccioy@ox.ac.uk,Nicolis,Francescoccio,749-470-1337,nfrancescoccioy@networkadvertising.org,junior,Chemistry
Binny,Strotone,487-512-8834,mconnikiez@msu.edu,Malvina,Connikie,624-689-2447,mconnikiez@zimbio.com,middle,PE
Peggi,Banner,209-208-4256,frevans10@accuweather.com,Fayre,Revans,708-838-7588,frevans10@weebly.com,junior,History
Man,Rickersey,339-406-1134,jtease11@google.fr,Jaquelin,Tease,171-442-9213,jtease11@webmd.com,senior,History
Elmo,Albin,904-659-1828,mbeddall12@360.cn,Monti,Beddall,494-753-5826,mbeddall12@joomla.org,junior,Art
Eduard,Claremont,626-533-7108,tbreinl13@quantcast.com,Talia,Breinl,210-525-8531,tbreinl13@businesswire.com,middle,Maths
Ennis,Ginnety,372-865-7107,aragdale14@nytimes.com,Ansel,Ragdale,141-338-3212,aragdale14@aol.com,senior,English
Gillian,Kersley,330-407-5169,myve15@edublogs.org,Manon,Yve,661-192-9497,myve15@sun.com,senior,Chemistry
Karim,Bruinemann,812-721-5186,wcoffelt16@census.gov,Wyndham,Coffelt,609-330-2378,wcoffelt16@jugem.jp,junior,Spanish
Eugen,Le Marchant,336-747-8601,rsifleet17@ovh.net,Rhodia,Sifleet,621-352-0338,rsifleet17@bloglines.com,junior,Spanish
Harper,Oglevie,289-669-3865,vrodenborch18@samsung.com,Virgina,Rodenborch,796-871-3202,vrodenborch18@youku.com,middle,Maths
Lorne,Roddick,393-572-2147,kmansuer19@behance.net,Kiley,Mansuer,128-913-2801,kmansuer19@constantcontact.com,middle,French
Katharina,Fetherston,271-687-7647,tburch1a@opensource.org,Tillie,Burch,546-723-9157,tburch1a@google.co.uk,middle,French
Rozella,Dooler,897-882-2029,hwysome1b@telegraph.co.uk,Hardy,Wysome,540-190-4564,hwysome1b@csmonitor.com,middle,PE
Chrisy,Blaes,580-634-9105,leisig1c@accuweather.com,Leann,Eisig,220-279-6213,leisig1c@scribd.com,middle,History
Valida,Sharman,651-734-6375,dgooderidge1d@wiley.com,Dacie,Gooderidge,255-774-5221,dgooderidge1d@aol.com,middle,Biology
Denny,Kenset,253-296-4405,cpadrick1e@berkeley.edu,Carlin,Padrick,315-501-8587,cpadrick1e@toplist.cz,senior,English
Yancy,Antonoyev,216-370-7344,dwoodthorpe1f@chronoengine.com,Deeanne,Woodthorpe,314-865-3230,dwoodthorpe1f@digg.com,middle,PE
Susann,Spearing,235-460-3003,acrampsy1g@dailymail.co.uk,Aleta,Crampsy,132-860-5391,acrampsy1g@pinterest.com,junior,Maths
Alisun,Mackin,564-402-5242,sclimo1h@si.edu,Sarita,Climo,564-327-1034,sclimo1h@wisc.edu,junior,Art
Rozamond,Osmint,368-293-3844,kcollier1i@cdc.gov,Kingsley,Collier,697-839-9516,kcollier1i@smh.com.au,junior,Physics
Carrie,Hardin,721-992-9587,mdowson1j@adobe.com,Marni,Dowson,268-296-6858,mdowson1j@wikia.com,junior,Physics
Ado,Arpino,174-694-2975,lskryne1k@nifty.com,Laurent,Skryne,387-576-4271,lskryne1k@1und1.de,junior,Biology
Cymbre,Gammie,790-909-6655,bringwood1l@icq.com,Barbara-anne,Ringwood,781-963-7555,bringwood1l@discuz.net,middle,English
Blisse,Rosendahl,481-733-1581,ieskell1m@geocities.com,Isis,Eskell,201-630-4022,ieskell1m@alibaba.com,junior,Chemistry
Ruthann,Billinge,833-278-2622,dmaken1n@prlog.org,Darcey,Maken,681-933-4508,dmaken1n@noaa.gov,junior,Art
Tobie,Hollingby,465-989-7047,rbonner1o@addthis.com,Rockie,Bonner,642-375-9229,rbonner1o@github.com,junior,Biology
Chrissie,Kleinbaum,882-959-4384,vsinkings1p@rakuten.co.jp,Vera,Sinkings,510-377-3982,vsinkings1p@clickbank.net,middle,Art
Kial,Finnick,320-144-4437,gscotson1q@mail.ru,Germaine,Scotson,455-690-8545,gscotson1q@whitehouse.gov,junior,PE
Kathryne,Vlach,595-473-0971,apashe1r@prweb.com,Aubrey,Pashe,949-361-6115,apashe1r@bigcartel.com,junior,Chemistry
Filide,MacCombe,653-288-8186,vbailes1s@tripod.com,Vivien,Bailes,124-453-1437,vbailes1s@youku.com,senior,Biology
Cherish,Atkyns,481-870-2111,nbrumpton1t@eepurl.com,Nadiya,Brumpton,836-110-0394,nbrumpton1t@multiply.com,middle,Art
Almira,Cater,484-865-8437,imedlin1u@omniture.com,Inger,Medlin,520-858-0144,imedlin1u@squarespace.com,senior,Biology
Shirleen,Matzke,840-946-2607,ibrundale1v@buzzfeed.com,Isador,Brundale,601-250-4110,ibrundale1v@va.gov,senior,English
Felicia,Haukey,168-344-6682,bwanley1w@businesswire.com,Bennie,Wanley,345-175-0181,bwanley1w@umich.edu,senior,Maths
Edsel,Blaske,879-850-4207,lgiorgiutti1x@ebay.com,Lorilee,Giorgiutti,993-370-7698,lgiorgiutti1x@globo.com,junior,History
Tierney,Lovejoy,746-154-0335,rmullis1y@ovh.net,Rochette,Mullis,916-149-2863,rmullis1y@live.com,senior,Spanish
Irena,Robrose,878-494-7719,icameli1z@taobao.com,Ingaborg,Cameli,923-794-4408,icameli1z@senate.gov,senior,Spanish
Gregg,Yurinov,334-346-9829,hsheed20@unc.edu,Holmes,Sheed,296-518-3788,hsheed20@unicef.org,junior,Chemistry
Julia,Fellowes,986-509-7494,cofogerty21@cornell.edu,Chadwick,O'Fogerty,554-510-0886,cofogerty21@storify.com,junior,Chemistry
Aggie,Radband,279-938-6775,gtremollet22@yellowpages.com,Gibby,Tremollet,792-792-1810,gtremollet22@globo.com,senior,Biology
Jeanette,Jiruch,581-280-9864,vdonavan23@geocities.jp,Veronike,Donavan,551-677-1322,vdonavan23@ucoz.com,middle,Spanish
Marcy,Eloi,216-641-4093,mallsepp24@time.com,Malia,Allsepp,426-802-1113,mallsepp24@opensource.org,junior,Physics
Hildy,Labb,691-782-9676,ijankiewicz25@mashable.com,Ianthe,Jankiewicz,913-834-2837,ijankiewicz25@fc2.com,junior,PE
Laurella,Eschalotte,508-887-2105,gfasler26@artisteer.com,Gar,Fasler,921-296-4810,gfasler26@jigsy.com,junior,History
Carmelle,Walls,360-257-9018,hburnand27@arstechnica.com,Henri,Burnand,909-829-6204,hburnand27@yelp.com,middle,Art
Agosto,Durrand,355-688-0697,cwoodcock28@pcworld.com,Cameron,Woodcock,768-778-2705,cwoodcock28@vk.com,senior,Spanish
Karissa,Johnsson,365-603-1460,akiledal29@php.net,Auberon,Kiledal,666-192-8980,akiledal29@theglobeandmail.com,senior,Maths
Randene,MacCroary,800-557-5351,aseatter2a@etsy.com,Ardenia,Seatter,551-162-7592,aseatter2a@npr.org,junior,Chemistry
Kathy,Gilhool,179-928-9486,mlevings2b@cam.ac.uk,Marlowe,Levings,525-553-5853,mlevings2b@nasa.gov,junior,Chemistry
Nola,Dodman,847-906-9302,dmayhead2c@tripadvisor.com,Danila,Mayhead,370-939-1034,dmayhead2c@liveinternet.ru,senior,Maths
Hillel,Leathwood,803-347-8730,ccloutt2d@edublogs.org,Chester,Cloutt,831-794-7562,ccloutt2d@hp.com,senior,Spanish
Juliann,Burkitt,717-439-4385,tsemrad2e@usa.gov,Tally,Semrad,837-343-9754,tsemrad2e@nih.gov,middle,History
Bucky,Trow,248-952-5928,jkensall2f@go.com,Juliana,Kensall,493-212-8674,jkensall2f@weather.com,senior,Art
Dulcea,Bernadon,574-844-5980,lmoffat2g@myspace.com,Lona,Moffat,474-433-1439,lmoffat2g@google.com.au,middle,Physics
Coretta,Snary,310-284-2067,gdryburgh2h@shutterfly.com,Gratia,Dryburgh,581-525-6613,gdryburgh2h@ucsd.edu,middle,French
Amabel,Camel,486-826-3442,fwilshaw2i@cafepress.com,Fifine,Wilshaw,323-620-3183,fwilshaw2i@rakuten.co.jp,senior,Spanish
Merrilee,Zoanetti,737-164-6671,nspurge2j@icq.com,Nolan,Spurge,212-796-7780,nspurge2j@weibo.com,senior,Physics
Ellerey,Chantler,605-542-1524,jbasham2k@nature.com,Jerad,Basham,367-674-0522,jbasham2k@ocn.ne.jp,junior,Art
Sarina,De Bernardis,461-304-3044,htaberer2l@nbcnews.com,Hallie,Taberer,236-621-7291,htaberer2l@mediafire.com,middle,Art
Mikel,Cran,961-337-5620,loene2m@e-recht24.de,Linda,Oene,150-725-4015,loene2m@addthis.com,senior,Maths
Shepard,Gavaghan,384-543-2794,belven2n@nationalgeographic.com,Bab,Elven,844-997-5428,belven2n@bloglines.com,middle,Biology
Kaitlin,Blake,561-450-7265,mkingswood2o@economist.com,Malva,Kingswood,139-548-9653,mkingswood2o@odnoklassniki.ru,middle,Chemistry
Briney,Kybbye,255-690-4785,mcristofari2p@usatoday.com,Mace,Cristofari,693-897-1110,mcristofari2p@wiley.com,senior,PE
Geneva,Hilliam,475-933-5316,acrennan2q@feedburner.com,Alyosha,Crennan,703-885-0008,acrennan2q@weibo.com,middle,Biology
Isabelita,Drinkall,707-216-3452,acorbally2r@taobao.com,Antoni,Corbally,437-334-3013,acorbally2r@geocities.jp,senior,History
Dion,Deinhardt,154-216-9694,wwhittier2s@skyrock.com,Woodrow,Whittier,137-782-3488,wwhittier2s@quantcast.com,junior,Biology
Cad,Raymen,159-756-0120,charbage2t@biglobe.ne.jp,Chrysler,Harbage,802-734-3394,charbage2t@techcrunch.com,middle,Physics
Clementius,Treagust,793-953-0280,gyeomans2u@topsy.com,Germain,Yeomans,957-346-2423,gyeomans2u@canalblog.com,senior,Physics
Sherman,Melby,856-398-9603,kriccard2v@admin.ch,Kariotta,Riccard,917-875-2849,kriccard2v@smugmug.com,middle,Spanish
Charlena,Liddon,846-752-3666,ajeaffreson2w@ow.ly,Ally,Jeaffreson,408-654-3884,ajeaffreson2w@youku.com,junior,History
Tommie,Cleyne,669-415-1857,bleeke2x@state.tx.us,Brigg,Leeke,500-961-6394,bleeke2x@nps.gov,junior,PE
Carolann,Bantham,627-347-7546,cabsolon2y@exblog.jp,Creighton,Absolon,636-241-5011,cabsolon2y@techcrunch.com,middle,Spanish
Hannie,Cheshir,743-896-4156,epomfrett2z@google.co.uk,Emmey,Pomfrett,749-358-0520,epomfrett2z@constantcontact.com,junior,Spanish
Yuri,Meert,118-118-6995,hcoggin30@mlb.com,Hilda,Coggin,523-188-2523,hcoggin30@forbes.com,junior,Art
Wain,Roff,202-306-5085,vblacksland31@networksolutions.com,Vittorio,Blacksland,821-210-3719,vblacksland31@canalblog.com,junior,Biology
Roldan,Crumpe,369-709-8833,fsheeres32@discovery.com,Fidelity,Sheeres,453-130-8640,fsheeres32@comsenz.com,middle,English
Georgeanne,Bus,676-820-7457,gbarrick33@facebook.com,Gwenny,Barrick,955-749-6883,gbarrick33@free.fr,senior,French
Tait,Dossantos,800-934-1324,ayven34@archive.org,Ax,Yven,904-893-4390,ayven34@goodreads.com,junior,PE
Glynis,Pozzo,987-406-2194,dcookes35@seesaa.net,Drucie,Cookes,692-644-2916,dcookes35@sciencedaily.com,junior,English
Eran,Hoyes,238-550-7013,ehonnicott36@virginia.edu,Emelda,Honnicott,637-293-1244,ehonnicott36@techcrunch.com,middle,PE
Rey,Tatham,241-347-7603,ttabourier37@examiner.com,Tilly,Tabourier,507-335-6457,ttabourier37@xinhuanet.com,middle,Spanish
Godfry,Porson,711-153-5158,slambole38@sitemeter.com,Shurlocke,Lambole,429-553-8169,slambole38@vk.com,middle,Biology
Libby,McGaffey,971-904-4283,nscarratt39@issuu.com,Nevile,Scarratt,775-646-5209,nscarratt39@hugedomains.com,middle,PE
Delila,Gillies,945-145-9398,pguilloton3a@spiegel.de,Pegeen,Guilloton,411-178-6495,pguilloton3a@sciencedirect.com,junior,Chemistry
Sean,Schlagtmans,955-533-7948,gdureden3b@java.com,Gayler,Dureden,434-779-6154,gdureden3b@google.fr,middle,English
Lia,Tinmouth,294-619-4836,gkersey3c@answers.com,Grete,Kersey,438-637-4380,gkersey3c@w3.org,junior,Art
Kayne,Rzehor,624-532-1097,sgreenset3d@umn.edu,Sheilah,Greenset,587-649-3966,sgreenset3d@foxnews.com,senior,Spanish
Archibold,Fyall,187-566-8122,hwise3e@cisco.com,Hanna,Wise,411-250-0237,hwise3e@google.de,senior,Spanish
Margaretha,Cathrae,202-344-3668,rcolman3f@mediafire.com,Rene,Colman,799-634-0475,rcolman3f@weather.com,senior,Spanish
Elset,Grayne,903-933-1955,loffer3g@imgur.com,Linea,Offer,527-119-2622,loffer3g@surveymonkey.com,junior,PE
Sammie,Spillane,468-525-3466,kiveson3h@devhub.com,Kennan,Iveson,987-602-3997,kiveson3h@goo.gl,senior,Maths
Adda,Lowre,534-547-6005,haddess3i@columbia.edu,Huntington,Addess,760-995-9974,haddess3i@trellian.com,middle,Spanish
Owen,Cheater,937-998-0371,wframmingham3j@qq.com,Wesley,Frammingham,290-138-9374,wframmingham3j@goodreads.com,junior,Chemistry
Mellisent,Baume,274-317-7892,adeath3k@ucla.edu,Adan,De'Ath,704-199-4557,adeath3k@flavors.me,junior,Biology
Horatia,Tarn,105-483-8329,aframmingham3l@fda.gov,Auguste,Frammingham,235-381-0175,aframmingham3l@reuters.com,junior,PE
Pieter,Stoaks,186-731-5399,rslafford3m@apache.org,Raff,Slafford,124-268-5892,rslafford3m@addtoany.com,senior,Maths
Fanya,Agiolfinger,947-368-9800,jobispo3n@netlog.com,Joelie,Obispo,553-793-2108,jobispo3n@t.co,senior,Spanish
Gar,Deppe,406-721-0498,lstayte3o@devhub.com,Lolly,Stayte,449-591-7036,lstayte3o@mashable.com,junior,Physics
Portia,Roydon,464-331-1091,hcapstake3p@so-net.ne.jp,Hermine,Capstake,260-758-5494,hcapstake3p@columbia.edu,middle,Art
Gleda,Dingwall,753-735-9545,lodonohue3q@meetup.com,Lyon,O'Donohue,453-176-7163,lodonohue3q@nymag.com,senior,Chemistry
Zach,Keuning,755-314-5860,rbeyer3r@intel.com,Rosetta,Beyer,727-133-8768,rbeyer3r@ow.ly,senior,History
Lazar,Fendlen,991-382-0454,wcopes3s@aol.com,Wynn,Copes,439-166-9128,wcopes3s@reuters.com,senior,History
Kasey,McNickle,234-732-1286,fvancastele3t@nps.gov,Frederich,Van Castele,585-978-9392,fvancastele3t@wufoo.com,senior,Spanish
Lay,Vaan,219-661-7032,moconnolly3u@over-blog.com,Malva,O'Connolly,993-899-5183,moconnolly3u@ucsd.edu,junior,PE
Tristam,Rentz,108-277-9977,sthunnercliffe3v@exblog.jp,Stephie,Thunnercliffe,414-752-5608,sthunnercliffe3v@ibm.com,middle,Spanish
Louis,Lapping,915-303-7866,vupham3w@imgur.com,Veradis,Upham,400-407-9371,vupham3w@over-blog.com,middle,PE
Markus,Mabbot,485-427-8394,fstoyell3x@nymag.com,Filide,Stoyell,612-366-1905,fstoyell3x@washingtonpost.com,middle,English
Hussein,Twinbourne,720-136-5869,edemko3y@dyndns.org,Ebony,Demko,574-754-1096,edemko3y@dion.ne.jp,junior,Maths
Jasper,Aiers,283-511-4065,pgiamuzzo3z@cisco.com,Pebrook,Giamuzzo,862-310-0025,pgiamuzzo3z@shop-pro.jp,middle,Chemistry
Myrlene,Markie,747-415-1642,jspringthorpe40@nymag.com,Jourdan,Springthorpe,332-167-8099,jspringthorpe40@ustream.tv,junior,Physics
Gian,Ghion,399-217-2635,mkenningham41@histats.com,Marleen,Kenningham,562-149-9556,mkenningham41@shareasale.com,junior,PE
Erhart,Rowter,203-811-7325,bmcinnery42@bing.com,Bree,McInnery,442-505-2587,bmcinnery42@bbb.org,middle,Biology
Parke,Haye,581-964-7297,aboame43@amazonaws.com,Alejandra,Boame,338-283-3844,aboame43@ask.com,middle,PE
Shawn,Petracci,990-491-7176,ycalderon44@xrea.com,Yank,Calderon,428-854-7016,ycalderon44@parallels.com,senior,Maths
Sherri,Yewen,622-233-8536,nbeadnell45@nhs.uk,Nicol,Beadnell,741-617-1996,nbeadnell45@theglobeandmail.com,middle,English
Boone,Rushmer,168-212-0617,krupprecht46@freewebs.com,Kirstin,Rupprecht,859-770-1491,krupprecht46@cdbaby.com,junior,Physics
Madison,Mouncher,656-421-3966,dcodling47@sciencedirect.com,Dar,Codling,660-313-6826,dcodling47@ucoz.com,middle,Chemistry
Emlen,Petrashkov,739-591-4195,sdiack48@odnoklassniki.ru,Sunshine,Diack,598-627-2034,sdiack48@studiopress.com,junior,PE
Aleen,Peres,502-245-0103,fadamides49@privacy.gov.au,Foster,Adamides,198-698-9927,fadamides49@reverbnation.com,middle,Spanish
Fanny,Brankley,189-882-5353,jwhickman4a@skyrock.com,Jeremy,Whickman,691-688-6131,jwhickman4a@imdb.com,junior,French
Cointon,Allery,810-614-1070,vstothard4b@homestead.com,Valeria,Stothard,131-872-5851,vstothard4b@360.cn,middle,History
Doria,Bampkin,283-957-7666,bmchenry4c@php.net,Blayne,McHenry,347-539-1045,bmchenry4c@topsy.com,junior,Maths
Inesita,Bilbrey,737-963-8590,asmogur4d@auda.org.au,Allin,Smogur,256-190-7127,asmogur4d@goo.ne.jp,senior,Biology
Grayce,Ivanishin,602-411-3307,lstern4e@studiopress.com,Lindsey,Stern,738-557-0125,lstern4e@reddit.com,middle,Chemistry
Ileana,Huxter,736-395-3391,abehn4f@google.com,Arleen,Behn,629-832-6438,abehn4f@angelfire.com,junior,Chemistry
Jenifer,Taffe,571-401-5023,fcurzey4g@xing.com,Franzen,Curzey,243-876-0766,fcurzey4g@bravesites.com,middle,Art
Christabella,Adamoli,947-949-3584,dskyram4h@elegantthemes.com,Dedra,Skyram,190-859-1774,dskyram4h@1und1.de,senior,History
Clari,Ruppel,245-664-0815,aflea4i@ebay.co.uk,Alaine,Flea,593-248-8158,aflea4i@smugmug.com,middle,Maths
Georgi,Uttermare,841-661-0352,cmannakee4j@cloudflare.com,Cirillo,Mannakee,137-736-6262,cmannakee4j@drupal.org,junior,Physics
Beverlee,O'Sullivan,422-407-6842,afrodsam4k@themeforest.net,Avril,Frodsam,825-456-6372,afrodsam4k@admin.ch,junior,Biology
Steffane,Thomassen,254-713-9433,mkatt4l@unesco.org,Maurene,Katt,362-788-0373,mkatt4l@loc.gov,junior,Biology
Hillary,Pengilley,222-144-0916,mlaban4m@unicef.org,Myrvyn,Laban,980-808-3310,mlaban4m@xinhuanet.com,junior,PE
Denver,Geake,324-536-3885,cgusney4n@facebook.com,Cookie,Gusney,652-731-9721,cgusney4n@cnet.com,junior,Spanish
Aarika,Paquet,208-315-7396,ebroomfield4o@gov.uk,Etti,Broomfield,409-560-0416,ebroomfield4o@edublogs.org,middle,Art
Gunar,Moralas,792-836-4842,mkaradzas4p@macromedia.com,Miller,Karadzas,812-661-2828,mkaradzas4p@woothemes.com,middle,Chemistry
Marley,McFetrich,571-972-3562,dsemonin4q@hostgator.com,Denyse,Semonin,201-206-3048,dsemonin4q@cbsnews.com,junior,Spanish
Gretel,Doorbar,819-746-6221,asealove4r@baidu.com,Addie,Sealove,507-412-1617,asealove4r@google.de,senior,Maths
Ringo,Neeson,806-737-9243,hmadeley4s@slideshare.net,Harp,Madeley,610-499-1440,hmadeley4s@noaa.gov,senior,Art
Yolane,Sutherns,422-315-7456,lloughan4t@un.org,Lonnard,Loughan,168-194-6008,lloughan4t@clickbank.net,junior,Maths
Marsha,Stonestreet,134-751-4895,ekleis4u@hostgator.com,Enrique,Kleis,164-430-1219,ekleis4u@admin.ch,senior,Biology
Dara,Hinder,678-405-4463,kblesli4v@chicagotribune.com,Kinna,Blesli,591-882-0135,kblesli4v@usgs.gov,junior,French
Cooper,Barnwille,627-748-0346,sbushen4w@oakley.com,Shea,Bushen,730-754-3726,sbushen4w@gnu.org,junior,English
Cass,Baudacci,364-771-1289,achristmas4x@instagram.com,Agustin,Christmas,931-930-5757,achristmas4x@noaa.gov,middle,French
Ashbey,Beaglehole,570-810-2725,kpomphrett4y@toplist.cz,Kacie,Pomphrett,853-589-2023,kpomphrett4y@globo.com,middle,Physics
Bogart,Sigfrid,247-259-5834,cflook4z@unblog.fr,Christoffer,Flook,358-397-4215,cflook4z@toplist.cz,junior,Maths
Lynna,Auden,902-588-9831,nschimaschke50@unc.edu,Noni,Schimaschke,574-987-1173,nschimaschke50@boston.com,senior,Biology
Harmonie,Letertre,382-699-4521,bbickerdyke51@360.cn,Bar,Bickerdyke,624-564-0241,bbickerdyke51@icq.com,senior,Physics
Anette,Benning,729-357-7064,lnixon52@ucla.edu,Loise,Nixon,589-846-8510,lnixon52@wordpress.org,senior,PE
Paulita,Ygoe,813-260-0316,jsowte53@newsvine.com,Jazmin,Sowte,705-453-2805,jsowte53@g.co,junior,Maths
Aldis,Birtle,821-737-0198,bmcgaughie54@symantec.com,Barton,McGaughie,658-726-0503,bmcgaughie54@jigsy.com,junior,Chemistry
Christalle,Zeale,617-423-0375,abishop55@economist.com,Ambrosio,Bishop,875-976-6388,abishop55@oaic.gov.au,middle,Physics
Page,Undrill,713-872-4556,pdellatorre56@geocities.jp,Peri,Dellatorre,775-242-3836,pdellatorre56@ca.gov,middle,Biology
Devan,Needs,815-394-2912,smacneachtain57@opera.com,Stanfield,MacNeachtain,559-313-5445,smacneachtain57@live.com,junior,Maths
Jean,Peet,229-486-2067,cbamber58@prnewswire.com,Chicky,Bamber,617-448-0045,cbamber58@woothemes.com,senior,English
Avril,Akeherst,525-689-7584,pbaynes59@google.pl,Park,Baynes,271-808-3302,pbaynes59@dmoz.org,middle,English
Hynda,Entwisle,740-900-4213,mfouldes5a@phoca.cz,Marshall,Fouldes,251-471-9373,mfouldes5a@prweb.com,senior,Physics
Ashlin,Ogilvie,967-271-3701,lfelder5b@google.co.jp,Lin,Felder,527-651-9712,lfelder5b@cocolog-nifty.com,junior,Art
Marlin,Averall,741-400-1951,ldella5c@blogs.com,Leila,Della,244-180-8579,ldella5c@friendfeed.com,junior,Physics
Wyndham,Moutray Read,860-857-8755,bduffyn5d@cbc.ca,Bogey,Duffyn,416-691-9556,bduffyn5d@livejournal.com,junior,English
Adria,Emlen,194-501-3305,mshippard5e@japanpost.jp,Marwin,Shippard,517-833-5982,mshippard5e@nymag.com,middle,Maths
Janifer,Stein,891-989-0761,aalishoner5f@craigslist.org,Ashli,Alishoner,816-355-9194,aalishoner5f@slideshare.net,middle,Physics
Madalyn,Kernan,611-165-5068,eraymont5g@pcworld.com,Emmanuel,Raymont,954-778-0262,eraymont5g@istockphoto.com,junior,Art
Arline,Townby,396-769-4787,cnoel5h@wp.com,Consalve,Noel,292-591-2665,cnoel5h@shop-pro.jp,senior,History
Dulciana,Dowgill,194-619-2283,nvigneron5i@stanford.edu,Nadean,Vigneron,514-777-7703,nvigneron5i@sciencedaily.com,senior,Maths
Alyce,Silverson,744-416-1185,slamas5j@cnet.com,Sinclair,Lamas,693-779-4756,slamas5j@upenn.edu,junior,Physics
Tina,Trouel,435-769-2562,jphilipps5k@oracle.com,Jeannette,Philipps,526-835-8144,jphilipps5k@examiner.com,junior,Physics
Bev,Given,443-873-6715,cbreddy5l@intel.com,Chiarra,Breddy,818-418-9262,cbreddy5l@simplemachines.org,senior,Art
Rodrigo,Lightwood,114-111-0324,pfallow5m@flavors.me,Pietro,Fallow,225-114-5399,pfallow5m@google.ca,middle,History
Alessandro,Vasovic,344-728-4969,dhuggins5n@nationalgeographic.com,Delmar,Huggins,662-375-1328,dhuggins5n@wordpress.org,middle,Art
Ab,Tissier,908-356-6268,bquinane5o@rakuten.co.jp,Bliss,Quinane,824-913-5840,bquinane5o@studiopress.com,junior,Physics
Valentine,Smoth,718-935-4413,kexter5p@xinhuanet.com,Kele,Exter,709-359-7993,kexter5p@reference.com,middle,Maths
Jonathon,Grindrod,175-158-8263,mtuftin5q@baidu.com,Mallorie,Tuftin,575-830-2269,mtuftin5q@imdb.com,middle,Chemistry
Ellis,Orgen,944-774-8383,kyosevitz5r@europa.eu,Kippie,Yosevitz,643-126-4842,kyosevitz5r@phpbb.com,senior,PE
Hertha,Britee,963-573-9242,nhessing5s@technorati.com,Nichol,Hessing,758-161-8490,nhessing5s@jigsy.com,middle,Physics
Georgiana,Valencia,916-678-8072,gdevoy5t@bloglovin.com,Giselle,Devoy,928-777-4014,gdevoy5t@uiuc.edu,middle,Spanish
Kasey,Yewdale,994-677-2258,dperdue5u@geocities.com,Donny,Perdue,423-931-9767,dperdue5u@cpanel.net,middle,French
Frederic,Silk,531-628-6439,swethered5v@meetup.com,Sanford,Wethered,345-390-3560,swethered5v@bravesites.com,junior,Art
Ennis,O'Dunniom,282-597-8206,bknowlden5w@google.com.hk,Benoit,Knowlden,131-291-3967,bknowlden5w@fema.gov,senior,History
Ulrika,Reeks,572-120-1648,sashbey5x@github.com,Sidney,Ashbey,665-568-4605,sashbey5x@wufoo.com,senior,Art
Modesty,McCormack,399-718-2320,kferby5y@printfriendly.com,Kelby,Ferby,202-882-8887,kferby5y@netlog.com,senior,History
Florella,Kebbell,371-405-4525,mdelaharpe5z@geocities.jp,Moira,De la Harpe,794-957-1631,mdelaharpe5z@imgur.com,senior,Biology
Guinna,Snook,951-483-3875,rlushey60@newsvine.com,Rickard,Lushey,105-747-7905,rlushey60@ca.gov,junior,PE
Liuka,Stote,842-147-8425,phurrell61@nih.gov,Palm,Hurrell,130-802-0055,phurrell61@ucoz.ru,senior,Maths
Rene,Petersen,132-209-3072,rgoodlett62@apache.org,Rana,Goodlett,398-440-4575,rgoodlett62@huffingtonpost.com,middle,History
Ashleigh,Faughey,463-886-8903,umatschke63@nasa.gov,Ulberto,Matschke,792-430-2725,umatschke63@tinypic.com,senior,Chemistry
Vaclav,Ferrarini,452-749-2849,dgwilt64@blogger.com,Dianemarie,Gwilt,126-932-8173,dgwilt64@un.org,middle,Maths
Paulie,Scripps,390-127-4345,dthorneloe65@tripod.com,Dell,Thorneloe,946-638-8037,dthorneloe65@godaddy.com,junior,Maths
Ash,Trimmell,820-979-4049,atakkos66@narod.ru,Amelia,Takkos,612-916-2228,atakkos66@ted.com,junior,Spanish
Jeremie,Hassell,105-937-1187,akinze67@oracle.com,Alric,Kinze,442-261-3412,akinze67@list-manage.com,middle,Physics
Haze,Fiddiman,675-766-0863,nboyse68@google.co.uk,North,Boyse,454-501-2946,nboyse68@foxnews.com,junior,Maths
Ernst,Humbey,461-715-9087,vximenez69@canalblog.com,Viole,Ximenez,202-546-0455,vximenez69@gmpg.org,senior,Biology
Fred,Brassington,516-505-8777,bbuxsy6a@example.com,Babb,Buxsy,249-135-9566,bbuxsy6a@friendfeed.com,middle,Chemistry
Rubetta,Hearse,506-519-7866,mwhitnell6b@nsw.gov.au,Mara,Whitnell,828-589-5872,mwhitnell6b@salon.com,middle,Biology
Diane,de la Tremoille,383-645-0504,athuillier6c@redcross.org,Ailee,Thuillier,555-483-8242,athuillier6c@weebly.com,junior,Spanish
Shandra,Bampton,649-263-3872,uspellecy6d@skyrock.com,Uri,Spellecy,754-829-0876,uspellecy6d@livejournal.com,senior,English
Micky,Huller,763-248-9455,lexer6e@un.org,Lindsay,Exer,577-117-0436,lexer6e@unc.edu,middle,French
Etty,O'Ruane,222-410-2885,hglencross6f@npr.org,Haroun,Glencross,663-121-2397,hglencross6f@timesonline.co.uk,senior,French
Edwin,Bogeys,887-134-4685,itarbett6g@merriam-webster.com,Ivor,Tarbett,152-898-5157,itarbett6g@51.la,junior,French
Dodie,Littlejohns,954-977-2288,rgatch6h@hugedomains.com,Roxanne,Gatch,696-270-2929,rgatch6h@ow.ly,middle,PE
Giulietta,McCulloch,801-924-3434,astegers6i@simplemachines.org,Adriaens,Stegers,124-592-6457,astegers6i@comsenz.com,middle,Chemistry
Hildy,Growcock,926-942-8985,odaldry6j@domainmarket.com,Oren,Daldry,203-881-7943,odaldry6j@ocn.ne.jp,junior,Maths
Izabel,Mityushkin,358-896-8655,eleftridge6k@icio.us,Ericha,Leftridge,359-281-5665,eleftridge6k@cdbaby.com,middle,Art
Andeee,Olrenshaw,879-949-9831,glyddiatt6l@slashdot.org,Germaine,Lyddiatt,765-997-8261,glyddiatt6l@skype.com,senior,Physics
Sonny,Laybourn,635-558-2470,tmaciaszek6m@gov.uk,Thaxter,Maciaszek,335-362-8174,tmaciaszek6m@wufoo.com,junior,Physics
Hamish,Varty,746-160-5111,osoldan6n@ning.com,Ollie,Soldan,557-911-2462,osoldan6n@sciencedaily.com,middle,Art
Latia,Dalgetty,816-322-6834,idowson6o@weather.com,Iorgos,Dowson,250-101-0390,idowson6o@chron.com,senior,French
Vallie,Martijn,602-160-9615,dmacdowal6p@virginia.edu,Dulcia,MacDowal,886-955-7474,dmacdowal6p@globo.com,middle,Biology
Eldridge,De Coursey,181-784-2704,sarndtsen6q@digg.com,Sasha,Arndtsen,344-471-8740,sarndtsen6q@dailymotion.com,middle,French
Hailee,Rupert,814-529-3722,fhyrons6r@xrea.com,Floris,Hyrons,852-813-1743,fhyrons6r@mysql.com,senior,Art
Clevie,Rylstone,438-181-3830,mprosh6s@ox.ac.uk,Mal,Prosh,771-585-1489,mprosh6s@cpanel.net,middle,Spanish
Magda,Hutley,574-162-3797,bmckellen6t@cloudflare.com,Barris,McKellen,840-184-8847,bmckellen6t@nhs.uk,senior,PE
Seana,Binion,360-866-4171,skenderdine6u@phoca.cz,Saidee,Kenderdine,726-280-6203,skenderdine6u@furl.net,junior,PE
Henrie,Flanaghan,212-733-6066,shabard6v@cyberchimps.com,Sukey,Habard,662-486-1350,shabard6v@jimdo.com,middle,Biology
Dedie,Bodleigh,924-419-2408,crummer6w@marketwatch.com,Claus,Rummer,401-937-3230,crummer6w@4shared.com,junior,Maths
Rees,Jorg,292-318-1413,rstagg6x@yandex.ru,Ruthy,Stagg,331-839-9678,rstagg6x@cocolog-nifty.com,middle,History
Rockey,Rhyme,431-911-1692,ogrigorini6y@cloudflare.com,Obed,Grigorini,640-150-3682,ogrigorini6y@storify.com,middle,Biology
Corry,Farrow,217-857-3428,travilious6z@disqus.com,Tymothy,Ravilious,394-932-3803,travilious6z@topsy.com,middle,Maths
Wyatan,Togwell,172-518-2441,fblowne70@ucoz.ru,Floyd,Blowne,787-630-3827,fblowne70@umich.edu,senior,Biology
Scott,Coots,519-851-9847,emountstephen71@sakura.ne.jp,Estevan,Mountstephen,706-268-3070,emountstephen71@sourceforge.net,junior,Maths
Nerta,Whistlecraft,701-533-0818,fhryniewicz72@unesco.org,Franky,Hryniewicz,890-521-3599,fhryniewicz72@so-net.ne.jp,junior,Biology
Sancho,Akers,408-423-4226,ahasely73@opera.com,Addy,Hasely,496-493-9405,ahasely73@mit.edu,middle,French
Mariam,Spurrior,305-962-9570,amaven74@com.com,Alvy,Maven,461-605-5193,amaven74@slate.com,senior,Chemistry
Tallulah,Giffon,911-550-9243,ssimson75@auda.org.au,Sanderson,Simson,146-548-5671,ssimson75@china.com.cn,senior,Biology
Kaylil,Stanway,111-208-1296,ctomashov76@ft.com,Carlin,Tomashov,621-168-1908,ctomashov76@mac.com,junior,English
Dennie,Eccleston,718-806-2786,lkohlert77@miitbeian.gov.cn,Latisha,Kohlert,348-669-4870,lkohlert77@nbcnews.com,senior,Physics
Jeffy,Lloyd-Williams,930-242-3331,mneumann78@slate.com,Meir,Neumann,604-447-7485,mneumann78@phpbb.com,middle,English
Jodie,Corbridge,730-285-0479,bstockings79@samsung.com,Bale,Stockings,239-903-0402,bstockings79@wordpress.org,junior,PE
Weider,Sappy,946-517-8962,ggiacobelli7a@sourceforge.net,Gabbey,Giacobelli,265-559-0519,ggiacobelli7a@techcrunch.com,senior,French
Alix,MacPike,510-573-2669,dramsdale7b@weather.com,Darn,Ramsdale,729-207-1943,dramsdale7b@delicious.com,middle,Chemistry
Jarvis,Kausche,992-220-2063,sfinlan7c@sohu.com,Sonnie,Finlan,847-212-3127,sfinlan7c@fda.gov,junior,History
Shela,Henryson,498-166-0679,phanlon7d@rediff.com,Pascal,Hanlon,563-223-0743,phanlon7d@kickstarter.com,middle,Chemistry
Aeriell,Vigours,373-449-3183,olast7e@census.gov,Oralle,Last,504-773-7663,olast7e@uol.com.br,junior,PE
Garret,Hammatt,606-618-7400,avanderbeek7f@plala.or.jp,Auberta,Van der Beek,942-238-9402,avanderbeek7f@histats.com,senior,French
Nathanael,Aime,721-928-6006,mhume7g@unicef.org,Margaux,Hume,975-505-8414,mhume7g@cbsnews.com,junior,Maths
Marissa,Eastop,481-887-8232,ppittway7h@google.com.au,Percy,Pittway,782-979-0251,ppittway7h@fda.gov,middle,French
Hastings,McClounan,866-473-5783,mwilkisson7i@arizona.edu,Malissia,Wilkisson,300-122-8248,mwilkisson7i@cmu.edu,senior,Art
Owen,Paik,499-466-7399,cgerish7j@springer.com,Casandra,Gerish,117-440-3382,cgerish7j@apache.org,senior,French
Maitilde,Mulhall,970-715-5693,cedmund7k@webs.com,Conn,Edmund,595-962-2899,cedmund7k@nsw.gov.au,senior,Spanish
Griffie,Braidley,177-329-0001,vkubatsch7l@tmall.com,Valerye,Kubatsch,462-769-2959,vkubatsch7l@cornell.edu,senior,Physics
Brigid,Eliaz,131-473-7981,jsimonyi7m@fotki.com,Jacquetta,Simonyi,411-828-3385,jsimonyi7m@dell.com,senior,French
Carine,Morsley,580-999-1521,ichaimson7n@pbs.org,Ignazio,Chaimson,478-294-8193,ichaimson7n@weebly.com,junior,Physics
Algernon,Cissen,931-653-6626,uaish7o@plala.or.jp,Ulrika,Aish,663-101-8574,uaish7o@canalblog.com,junior,French
Mickie,Moggach,692-101-6041,bcosgrive7p@china.com.cn,Bart,Cosgrive,531-818-8875,bcosgrive7p@godaddy.com,junior,Biology
Evangeline,Dammarell,522-361-9943,asetterington7q@sbwire.com,Alasdair,Setterington,901-266-8842,asetterington7q@marriott.com,senior,Art
Merry,Jackalin,847-736-6064,ydenyer7r@behance.net,Yettie,Denyer,382-299-4991,ydenyer7r@bloglines.com,junior,Physics
Jayme,Sultan,903-910-1008,dolooney7s@jigsy.com,Dulcinea,O'Looney,827-280-8785,dolooney7s@biglobe.ne.jp,senior,Physics
Em,Rubinovici,439-273-0700,lnorcutt7t@jigsy.com,Lara,Norcutt,346-349-6119,lnorcutt7t@sakura.ne.jp,junior,History
Linzy,Checchetelli,394-582-0052,vflori7u@ucoz.ru,Vasilis,Flori,586-234-7576,vflori7u@github.com,senior,French
Antonella,Morehall,105-536-0729,rvallantine7v@rakuten.co.jp,Roth,Vallantine,160-141-2500,rvallantine7v@disqus.com,senior,English
Nanice,Fotheringham,905-527-2518,wvispo7w@illinois.edu,Wilmer,Vispo,193-695-0723,wvispo7w@eepurl.com,middle,English
Giralda,Marshalleck,203-373-0815,alohan7x@jugem.jp,Alys,Lohan,865-102-6203,alohan7x@ox.ac.uk,middle,French
Logan,Fattorini,148-982-5659,dtwigger7y@samsung.com,Demetri,Twigger,462-363-5771,dtwigger7y@clickbank.net,junior,Art
Brittany,Sweynson,405-414-5515,gbedbury7z@ted.com,Gal,Bedbury,864-762-1323,gbedbury7z@indiegogo.com,junior,Spanish
Berenice,Ginley,725-885-2980,tthrush80@flavors.me,Torrie,Thrush,977-921-6515,tthrush80@ucoz.com,junior,Biology
Ruthie,Ibberson,939-570-9836,gkentwell81@economist.com,Grata,Kentwell,789-864-0030,gkentwell81@engadget.com,senior,Biology
Michele,Willavize,906-413-9828,ghawkes82@lycos.com,Georgetta,Hawkes,202-875-2631,ghawkes82@ebay.co.uk,junior,Art
Penny,Shedd,309-945-8375,ahandke83@woothemes.com,Amitie,Handke,509-787-8034,ahandke83@etsy.com,junior,English
Ian,Bruggen,649-182-8710,mellcock84@example.com,Morty,Ellcock,981-169-0020,mellcock84@twitpic.com,middle,Maths
Jacqui,Knowlys,625-123-9526,bwithey85@bluehost.com,Breena,Withey,479-204-5794,bwithey85@reuters.com,middle,Art
Cathe,Croome,230-482-2127,mgrigaut86@quantcast.com,Margarethe,Grigaut,371-424-7828,mgrigaut86@soundcloud.com,senior,Chemistry
Perla,Rodell,429-443-4619,rtireman87@berkeley.edu,Royce,Tireman,952-816-6080,rtireman87@mediafire.com,senior,History
Brockie,Coupman,893-761-1374,kspinola88@goodreads.com,Kirk,Spinola,208-699-1763,kspinola88@mayoclinic.com,junior,Chemistry
Dredi,McCraine,544-107-0943,dwhiskin89@freewebs.com,Diandra,Whiskin,271-535-0814,dwhiskin89@cdbaby.com,junior,PE
Connie,Berka,766-822-6647,rbearn8a@theguardian.com,Reginauld,Bearn,450-474-1721,rbearn8a@mayoclinic.com,middle,English
Hank,O'Shevlan,423-339-5486,rholburn8b@typepad.com,Rowen,Holburn,234-435-0608,rholburn8b@fotki.com,middle,History
